"wLr","resLmax","resHmax","resLvalue","resHvalue"
0.139,0.138999995866442,0.186860453429293,131511764434512,407687816869623936
0.14,0.139999995836489,0.186860451948781,1.32864666257752e-08,14.0718035608935
0.141,0.140999995806535,0.186860449280402,0.0249308811190261,14.0718032611762
0.142,0.141999995776582,0.186860445901785,0.0522386600584815,14.0718026696375
0.143,0.142999995746629,0.18686043135108,0.102452764291473,14.0718015767475
0.144,0.143999995716675,0.186860413003659,0.18908062239369,14.071799673515
0.145,0.144999995686722,0.186860380750558,0.329862436909904,14.0717965284822
0.146,0.145999995656769,0.186860327497631,0.546047718529281,14.0717915646381
0.147,0.146999995626815,0.186860253776059,0.86039996722818,14.0717840327616
0.148,0.147999995596862,0.186860138083646,1.29377545907374,14.0717729729871
0.149,0.148999995566909,0.186859978121282,1.86055121941391,14.0717571496364
0.15,0.149999995536956,0.186859753070999,2.56379436663269,14.0717349330516
0.151,0.150999995507002,0.186859437515034,3.39167325582797,14.0717040785009
0.152,0.151999995477049,0.186859002941784,4.31681369863682,14.0716612926365
0.153,0.152999995447096,0.186858391800539,5.29965291282953,14.0716012929442
0.154,0.153999995417142,0.186857503081737,6.29527534745949,14.0715139546253
0.155,0.154999995387189,0.186856050673278,7.26147584464633,14.0713618319243
0.156,0.155999995357236,0.186852911475181,8.16510033180823,14.0708716965894
0.157,0.156999995327282,0.186833259537332,8.98455900853704,14.0687393831584
0.158,0.157999995297329,0.1867714808197,9.70822525876649,14.0605436844845
0.159,0.158999995267376,0.186610192276981,10.3305633082987,14.0374206758114
0.16,0.159999995237422,0.186382222314431,10.8488916971067,13.9873412960344
0.161,0.160999995207469,0.186003481601994,11.2624844766536,13.8989232241881
0.162,0.161999995177516,0.185594443999809,11.5733770308854,13.7654229855602
0.163,0.162999995147562,0.184882620814683,11.7872595088452,13.5863964849479
0.164,0.163999995117609,0.184217495302003,11.9134737389477,13.3671842750725
0.165,0.164999995087656,0.183532195013731,11.9641159200409,13.116799311086
0.166,0.165999631027848,0.182951558755385,11.9527278721906,12.8468361376255
0.167,0.166982135999676,0.182141482408518,11.8920734719768,12.5650717618346
0.168,0.167826267411422,0.181423578722424,11.7984787609213,12.2839028410412
0.169,0.167897195439394,0.180669830436463,11.7140788070011,12.016257529744
0.17,0.168036545791431,0.179938685985576,11.6581851832923,11.7508632733608
0.171,0.168232846930505,0.17909669743733,11.6284913367024,11.5103667833528
0.172,0.168477460952536,0.178006796041987,11.6220756551842,11.2928999092923
0.173,0.168758080333908,0.176080377750674,11.6357854681941,11.1037538529513
0.174,0.169071198056003,0.174003538295561,11.6667734531326,10.9913309474753
0.175,0.169410087344541,0.175003532300093,11.7119853646441,10.869683591852
0.176,0.169769967677114,0.176003529583983,11.7686645868136,10.7589472166049
0.177,0.170146610430458,0.177003524289377,11.8343196577137,10.6599945900501
0.178,0.170536608928053,0.178003519261046,11.9067504730638,10.5732253343137
0.179,0.170936877239399,0.179003515628404,11.9840526243267,10.4986914779187
0.18,0.171345017904847,0.180003510909937,12.0646065201457,10.4361929893555
0.181,0.171758837542655,0.18100350581554,12.147055215362,10.3853512899852
0.182,0.172176560421699,0.18200350094183,12.2302818016411,10.3456662338259
0.183,0.172596529224753,0.183003497470891,12.3133778683541,10.3165580514976
0.184,0.173017637096036,0.184003494692059,12.3956174650591,10.2973994176482
0.185,0.173438608592268,0.185003488701797,12.4764296911228,10.2875379316565
0.186,0.173858540953094,0.186003484541091,12.5553755341519,10.2863105111203
0.187,0.174276645092626,0.187003480402086,12.6321245737069,10.2930579736941
0.188,0.174692173371059,0.18800347828547,12.7064367117384,10.3071307449621
0.189,0.17510451292342,0.189003473923126,12.7781455269246,10.3278970829255
0.19,0.175513103822193,0.190003468019771,12.8471435567995,10.3547430217673
0.191,0.175917476352418,0.191003445312471,12.9133733412924,10.3870735275544
0.192,0.176317229986976,0.192003460453234,12.9768138226003,10.4243314375556
0.193,0.17671177883545,0.193003458543696,13.0374730837846,10.4659604051949
0.194,0.17710093537471,0.194003456320977,13.0953828596796,10.511443750607
0.195,0.177484303757082,0.195003447323402,13.1505944742258,10.5602878353903
0.196,0.177861503970431,0.196003446817922,13.2031703779454,10.6120150762023
0.197,0.178232225972195,0.197003439104034,13.2531837138756,10.6661803551035
0.198,0.178596495984497,0.198003437121561,13.3007343547788,10.7223539390923
0.199,0.178953072594681,0.199003430906599,13.3458479077084,10.7801343751414
0.2,0.179302641202038,0.200003429025512,13.3886706921707,10.839137640794
0.201,0.179644524656572,0.201000005642674,13.4292717923161,10.8997785106532
0.202,0.179978815592065,0.202001348449073,13.4677522213303,10.9598654912243
0.203,0.180304704006194,0.2030011843087,13.5041770147626,11.0204880534375
0.204,0.180622249546207,0.20400000562146,13.5386461147127,11.0812245404892
0.205,0.180931064844598,0.205000003618235,13.5712464086074,11.1413447919802
0.206,0.181231150796391,0.206004794360343,13.6020618145772,11.1998955569923
0.207,0.181522270226534,0.207000004412441,13.6311745295679,11.2594602129317
0.208,0.181804117146649,0.208000263755566,13.6586640730182,11.317028249119
0.209,0.182076716148465,0.209000103614404,13.6846075694041,11.373291032939
0.21,0.182339868717895,0.210000003838484,13.7090797881433,11.4279991733575
0.211,0.182593542712149,0.211000006238627,13.7321525252157,11.4811159806767
0.212,0.182837519132677,0.212000005315992,13.7538952885563,11.532431250083
0.213,0.18307202434142,0.213000004227173,13.7743747846208,11.58180736138
0.214,0.183296797335278,0.214000004388698,13.793655128031,11.6291210355581
0.215,0.1835121578523,0.21500000600298,13.8117979539022,11.674263308648
0.216,0.183717844799485,0.216000003701488,13.8288623544051,11.7171393963414
0.217,0.183914156492258,0.217000005529537,13.8449049122023,11.7576651222241
0.218,0.184101141085036,0.218000005522466,13.8599798499682,11.7957704662837
0.219,0.184279009169262,0.219000005515395,13.8741390048549,11.8313955112661
0.22,0.184447898090721,0.220000005508324,13.8874318863971,11.8644911875074
0.221,0.184607958575549,0.221000005501253,13.8999057958589,11.8950183836788
0.222,0.184759461843958,0.222000005494182,13.9116058495883,11.9229472410855
0.223,0.184902687385925,0.223000005487111,13.922575029496,11.9482565039277
0.224,0.185037775481604,0.22400000548004,13.9328543015104,11.9709329489988
0.225,0.185165146109337,0.225000005472969,13.9424826320663,11.9909707483939
0.226,0.185285011924659,0.226000005465898,13.951497076129,12.0083709258779
0.227,0.185397635165085,0.227000005450004,13.9599328537517,12.0231408268318
0.228,0.185503328141466,0.228000005423662,13.9678234025184,12.0352936009956
0.229,0.185602350513875,0.229000005397319,13.9752004747021,12.0448477477075
0.23,0.185695089715767,0.230000005370977,13.9820941707129,12.0518266430078
0.231,0.185781798576617,0.231000005344635,13.9885330307554,12.0562581394174
0.232,0.18586279292329,0.232000005318292,13.9945444462243,12.0581744692389
0.233,0.185938340643735,0.23300000529195,14.0001533004557,12.0576106514735
0.234,0.186008738060231,0.234000005265608,14.00538422154,12.0546060330585
0.235,0.186074270376622,0.235000005239265,14.010260152606,12.0492026785146
0.236,0.186135241021449,0.236000005212923,14.0148022541261,12.041445399339
0.237,0.186191881391013,0.237000005186581,14.0190321718473,12.0313814710312
0.238,0.18624444576168,0.238000005160238,14.0229687212357,12.0190603604482
0.239,0.18629316699357,0.239000005133896,14.0266302324968,12.0045334755981
0.24,0.186338329965462,0.240000005107554,14.0300340211312,11.9878539225663
0.241,0.18638013058882,0.241000005081211,14.0331964382222,11.969076274739
0.242,0.186418800470847,0.242000005054869,14.036132919531,11.9482563533552
0.243,0.186454505579943,0.243000005028527,14.0388580318961,11.9254510175556
0.244,0.186487520803856,0.244000005002185,14.0413855164269,11.9007179610851
0.245,0.186517961261629,0.245000004975842,14.0437283309863,11.874115518988
0.246,0.186546037839213,0.2460000049495,14.0458983896074,11.8457024808652
0.247,0.186571892753791,0.247000004923158,14.0479078509377,11.8155379122665
0.248,0.186595709912717,0.248000004896815,14.0497671921909,11.7836809835933
0.249,0.186617608691336,0.249000004870473,14.0514866147782,11.7501908063189
0.25,0.186637748576423,0.250000004844131,14.0530757155654,11.7151262774569
0.251,0.186656246733227,0.251000004817788,14.054543517608,11.678545932196
0.252,0.186673247223956,0.252000004791446,14.0558984990905,11.6405078046099
0.253,0.186688829369613,0.253000004765104,14.0571486213721,11.6010692977699
0.254,0.186703130522863,0.254000004738761,14.0583013552043,11.5602870623811
0.255,0.1867162362249,0.255000004712419,14.0593637060106,11.5182168852461
0.256,0.186728243398161,0.256000004686077,14.0603422380785,11.4749135872904
0.257,0.186739237751507,0.257000004659735,14.0612430975131,11.4304309314084
0.258,0.186749298529011,0.258000004633392,14.0620720342055,11.3848215402345
0.259,0.186758494726012,0.25900000460705,14.0628344230163,11.3381368241081
0.26,0.186766916130765,0.260000004580708,14.0635352838924,11.2904269188392
0.261,0.186774604212028,0.261000004554365,14.0641793236041,11.2417406513404
0.262,0.18678162926536,0.262000004528023,14.0647708608832,11.1921254222605
0.263,0.186788049350069,0.263000004501681,14.065313990544,11.1416274370816
0.264,0.18679390952115,0.264000004475338,14.06581249829,11.0902909861967
0.265,0.18679925862387,0.265000004448996,14.0662699038446,11.0381594131387
0.266,0.186804140185093,0.266000004422654,14.0666894765576,10.9852744346735
0.267,0.186808594428267,0.267000004396311,14.0670742503291,10.9316763177458
0.268,0.186812661050519,0.268000004369969,14.0674270378807,10.8774039912717
0.269,0.186816364202404,0.269000004343627,14.0677504454924,10.8224946235976
0.27,0.186819746520035,0.270000004317284,14.0680468813,10.7669843252767
0.271,0.18682282786519,0.271000004290942,14.0683185753037,10.7109076986151
0.272,0.186825641233784,0.2720000042646,14.0685675856841,10.6542979898095
0.273,0.186828215374466,0.273000004238258,14.0687958115417,10.5971872357217
0.274,0.186830555328319,0.274000004211915,14.0690050035652,10.5396058310081
0.275,0.186832697489758,0.275000004185573,14.0691967741493,10.4815833088196
0.276,0.186834645783312,0.276000004159231,14.0693726069776,10.4231478619288
0.277,0.18683643157228,0.277000004132888,14.0695338660851,10.3643266695206
0.278,0.186838057683506,0.278000008249069,14.0696818044158,10.3051450761498
0.279,0.186839546699789,0.279000008237628,14.0698175718917,10.2456289224157
0.28,0.186840911248501,0.280000008226187,14.0699422230087,10.1858018909687
0.281,0.186842152385409,0.281000008214746,14.0700567239771,10.125685551151
0.282,0.186843294022161,0.282000008203304,14.0701619594225,10.0653027624955
0.283,0.186844342946419,0.283000008191863,14.0702587386647,10.0046745689586
0.284,0.18684530011917,0.284000008180422,14.0703478015932,9.94382117830376
0.285,0.186846179743952,0.285000008168981,14.070429824155,9.882762005704
0.286,0.186846993538403,0.28600000815754,14.0705054234733,9.8215157160494
0.287,0.186847734109564,0.287000008146099,14.0705751626156,9.76010026479599
0.288,0.186848416114021,0.288000008134657,14.0706378742642,9.69853293722298
0.289,0.186849049577649,0.289000008123216,14.0706979028655,9.63683038599433
0.29,0.186849631271587,0.290000008111775,14.0707533331175,9.57500866694734
0.291,0.186850171419862,0.291000008100334,14.0707947257822,9.51308327305571
0.292,0.186850669484305,0.292000008088893,14.0708451563102,9.45106916653623
0.293,0.186851127543706,0.293000008077452,14.070891372225,9.38898080908861
0.294,0.186851555312987,0.294000008066011,14.0709338586707,9.32683219027541
0.295,0.186851951806467,0.295000008054569,14.0709730337416,9.26463685406426
0.296,0.186852320548576,0.296000008043128,14.0710092584295,9.20240792356832
0.297,0.186852664017837,0.297000008031687,14.0710434609077,9.14015852402057
0.298,0.186852981622883,0.298000008020246,14.0710742872577,9.07789994755277
0.299,0.18685328367377,0.299000008008805,14.0711031260034,9.01564493780319
0.3,0.186853563182861,0.300000007997364,14.0711301410762,8.95340511900756
0.301,0.186853825686131,0.301000007985923,14.0711554815939,8.89119180066403
0.302,0.186854071609955,0.302000007974481,14.0711792831951,8.82901599098335
0.303,0.186854302312695,0.30300000796304,14.0712016692633,8.76688840937168
0.304,0.186854521350249,0.304000007951599,14.0712227520478,8.70481949796191
0.305,0.186854724619079,0.305000007940158,14.0712426336895,8.64281943222018
0.306,0.186854917743923,0.306000007928717,14.0712614071564,8.58089813066249
0.307,0.186855103005107,0.307000007917276,14.0712791570972,8.51906526372244
0.308,0.186855270096751,0.308000007905835,14.0712959606184,8.45733026181636
0.309,0.186855436525284,0.309000007894393,14.0713118879911,8.39570232265516
0.31,0.186855591898952,0.310000007882952,14.0713270032931,8.33419041785464
0.311,0.186855739726719,0.311000007871511,14.0713413649912,8.27280329889688
0.312,0.186855877033564,0.31200000786007,14.07135502647,8.21154950249568
0.313,0.186856012459875,0.313000007848629,14.0713680365102,8.15043735541811
0.314,0.186856138719907,0.314000007837188,14.0713804397221,8.08947497881337
0.315,0.186856259362958,0.315000007825746,14.071392276937,8.02867029209826
0.316,0.186856372803924,0.316000007814305,14.0714035855622,7.96803101644628
0.317,0.186856486363069,0.317000007802864,14.0714143999009,7.90756467792534
0.318,0.18685658964917,0.318000007791423,14.0714247514415,7.84727861032626
0.319,0.186856691335728,0.319000007779982,14.071434669119,7.78717995772147
0.32,0.186856788905714,0.320000007768541,14.0714441795506,7.72727567679069
0.321,0.186856880157156,0.3210000077571,14.0714533072487,7.66757253894745
0.322,0.18685697242659,0.322000007734564,14.071462074813,7.60807713295945
0.323,0.186857058439658,0.323000007701151,14.0714705031041,7.54879586542372
0.324,0.186857141059176,0.324000007667738,14.0714786113998,7.48973496252261
0.325,0.186857221068765,0.325000007634324,14.0714864175368,7.43090047292132
0.326,0.186857297734239,0.326000007600911,14.0714939380377,7.37229826866198
0.327,0.186857371632036,0.327000007567498,14.0715011882269,7.31393404665833
0.328,0.186857442917321,0.328000007534084,14.0715081823345,7.25581333015609
0.329,0.186857511730963,0.329000007500671,14.0715149335902,7.19794147017378
0.33,0.186857578174518,0.330000007467258,14.0715214543089,7.14032364693667
0.331,0.186857642680257,0.331000007433844,14.0715277559674,7.08296487131501
0.332,0.186857701857334,0.332000007400431,14.0715338492741,7.02586998627597
0.333,0.186857761859818,0.333000007367018,14.0715397442323,6.96904366835752
0.334,0.186857819951386,0.334000007333604,14.0715454501974,6.91249042917093
0.335,0.186857878453984,0.335000007300191,14.0715509759292,6.85621461693753
0.336,0.186857933649396,0.336000007266778,14.0715563296384,6.80022041806439
0.337,0.18685798628586,0.337000007233364,14.07156151903,6.74451185876219
0.338,0.18685803681239,0.338000007199951,14.071566551342,6.68909280670836
0.339,0.186858088369331,0.339000007166538,14.0715714333811,6.63396697275711
0.34,0.186858133115639,0.340000007133124,14.071576171555,6.5791379126977
0.341,0.186858184308004,0.341000007099711,14.0715807719016,6.52460902906151
0.342,0.186858228792539,0.342000007066298,14.0715852401163,6.47038357297799
0.343,0.18685827247597,0.343000007032884,14.0715895815763,6.41646464607911
0.344,0.186858315344488,0.344000006999471,14.0715938013635,6.36285520245123
0.345,0.186858357507807,0.345000006966058,14.0715979042847,6.30955805063351
0.346,0.186858396800894,0.346000006932644,14.0716018948905,6.25657585566109
0.347,0.186858437515927,0.347000006899231,14.0716057774931,6.20391114115127
0.348,0.186858476076935,0.348000006865818,14.0716095561816,6.15156629143073
0.349,0.186858513582501,0.349000006832404,14.0716132348374,6.09954355370153
0.35,0.186858550047749,0.350000006798991,14.0716168171469,6.04784504024345
0.351,0.186858586164718,0.351000006765578,14.0716203066144,5.9964727306503
0.352,0.186858619808885,0.352000006732164,14.0716237065736,5.94542847409741
0.353,0.186858656888718,0.353000006698751,14.0716270201979,5.89471399163785
0.354,0.186858687882581,0.354000006665338,14.0716302505107,5.84433087852439
0.355,0.186858719095246,0.355000006631924,14.0716334003938,5.79428060655469
0.356,0.186858747797131,0.356000006598511,14.0716364725962,5.74456452643672
0.357,0.186858781528779,0.357000006565098,14.0716394697422,5.69518387017191
0.358,0.186858809649674,0.358000006531684,14.0716423943379,5.64613975345291
0.359,0.186858840826104,0.359000006498271,14.0716452487785,5.59743317807365
0.36,0.186858868306276,0.360000006464858,14.0716480353544,5.54906503434864
0.361,0.186858895839578,0.361000006431445,14.0716507562571,5.50103610353923
0.362,0.186858922926422,0.362000006398031,14.0716534135844,5.45334706028378
0.363,0.186858946476261,0.363000006364618,14.0716560093456,5.40599847502988
0.364,0.186858975052088,0.364000006331204,14.0716585454664,5.35899081646557
0.365,0.186859000267897,0.365000006297791,14.0716610237931,5.31232445394747
0.366,0.186859024890611,0.366000006264378,14.0716634460971,5.26599965992362
0.367,0.186859048954527,0.367000006230965,14.0716658140779,5.2200166123485
0.368,0.186859075277145,0.368000006197551,14.0716681293679,5.17437539708864
0.369,0.186859098296183,0.369000006164138,14.0716703935351,5.12907601031632
0.37,0.186859115238924,0.370000006130725,14.0716726080863,5.08411836088932
0.371,0.186859137299426,0.371000006097311,14.0716747744703,5.03950227271576
0.372,0.18685915966977,0.372000006063898,14.0716768940808,4.99522748710111
0.373,0.186859183729576,0.373000006030485,14.0716789682588,4.95129366507652
0.374,0.186859204579197,0.374000005997071,14.0716809982952,4.90770038970657
0.375,0.1868592213628,0.375000005963658,14.0716829854334,4.86444716837492
0.376,0.186859243949189,0.376000005930245,14.071684930871,4.82153343504688
0.377,0.186859263017762,0.377000005896831,14.0716868357623,4.77895855250694
0.378,0.186859280600273,0.378000005863418,14.0716887012203,4.73672181457062
0.379,0.186859300381509,0.379000005830005,14.0716905283183,4.69482244826918
0.38,0.186859319437265,0.380000005796591,14.0716923180919,4.6532596160063
0.381,0.186859337020643,0.381000005763178,14.0716940715406,4.6120324176857
0.382,0.186859354523153,0.382000005729765,14.0716957896291,4.5711398928088
0.383,0.186859371677455,0.383000011403496,14.0716974732894,4.53058079152409
0.384,0.186859388484007,0.384000011384984,14.0716991234216,4.49035450203673
0.385,0.18685940498564,0.385000011366472,14.0717007408957,4.45045966259835
0.386,0.186859420890087,0.38600001134796,14.0717023265527,4.41089509145244
0.387,0.186859437121235,0.387000011329448,14.0717038812055,4.37165955645403
0.388,0.186859452403164,0.388000011310935,14.0717054056407,4.33275177697332
0.389,0.186859470306824,0.389000011292423,14.0717069006191,4.29417042576534
0.39,0.186859480136883,0.390000011273911,14.0717083668772,4.25591413080505
0.391,0.186859498866223,0.391000011255399,14.0717098051277,4.21798147708786
0.392,0.18685951351996,0.392000011236887,14.0717112160609,4.18037100839518
0.393,0.186859525334626,0.393000011218375,14.0717126003453,4.14308122902488
0.394,0.186859539574477,0.394000011199862,14.0717139586285,4.10611060548659
0.395,0.186859553201385,0.39500001118135,14.071715291538,4.06945756816166
0.396,0.186859566573962,0.396000011162838,14.0717165996824,4.03312051292793
0.397,0.186859579643437,0.397000011144326,14.0717178836511,3.99709780274912
0.398,0.186859592105827,0.398000011125814,14.0717191440164,3.96138776922914
0.399,0.186859603401052,0.399000011107301,14.0717203813328,3.92598871413114
0.4,0.186859619564215,0.400000011088789,14.0717215961385,3.89089891086175
0.401,0.186859632417232,0.401000011070277,14.071722788956,3.85611660592039
0.402,0.186859643212177,0.402000011051765,14.0717239602922,3.82164002031408
0.403,0.186859653232078,0.403000011033253,14.0717251106391,3.78746735093784
0.404,0.186859664691287,0.404000011014741,14.0717262404748,3.753596771921
0.405,0.186859675932927,0.405000010996229,14.0717273502635,3.72002643593971
0.406,0.18685968419704,0.406000010977716,14.0717284404561,3.68675447549596
0.407,0.186859700657987,0.407000010959204,14.0717295114907,3.65377900416342
0.408,0.186859708665874,0.408000010940692,14.0717305637932,3.6210981178005
0.409,0.186859719233982,0.40900001092218,14.0717315977775,3.58870989573095
0.41,0.186859729620632,0.410000010903668,14.0717326138459,3.5566124018925
0.411,0.186859739804659,0.411000010885156,14.07173361239,3.52480368595376
0.412,0.18685974991018,0.412000010866643,14.0717345937901,3.49328178440004
0.413,0.186859760446503,0.413000010848131,14.0717355584166,3.46204472158833
0.414,0.186859770740601,0.414000010829619,14.0717365066296,3.43109051077203
0.415,0.186859778055507,0.415000010811107,14.0717374387797,3.40041715509578
0.416,0.186859789301409,0.416000010792595,14.071738355208,3.37002264856092
0.417,0.186859797968008,0.417000010774083,14.0717392562468,3.33990497696217
0.418,0.186859803919492,0.41800001075557,14.0717401422193,3.31006211879563
0.419,0.186859815416451,0.419000010737058,14.0717410134402,3.28049204613909
0.42,0.186859824055422,0.420000010718546,14.0717418702166,3.25119272550499
0.421,0.186859832318429,0.421000010700034,14.0717427128469,3.22216211866605
0.422,0.186859841006431,0.422000010681522,14.071743541622,3.19339818345492
0.423,0.186859849259844,0.42300001066301,14.071744356826,3.16489887453783
0.424,0.186859857390926,0.424000010644497,14.071745158735,3.13666214416254
0.425,0.186859868388335,0.425000010625985,14.071745947618,3.10868594288165
0.426,0.186859873014528,0.426000010607473,14.0717467237382,3.08096822025174
0.427,0.186859880333058,0.427000010588961,14.0717474873515,3.05350692550811
0.428,0.186859890361099,0.428000010570449,14.0717482387073,3.02630000821647
0.429,0.186859897537174,0.429000010551936,14.0717489780495,2.99934541890193
0.43,0.186859901866629,0.430000010533424,14.0717497056151,2.97264110965512
0.431,0.186859911700009,0.431000010514912,14.0717504216364,2.9461850347172
0.432,0.186859918682108,0.4320000104964,14.0717511263391,2.91997515104261
0.433,0.186859925598142,0.433000010477888,14.071751819944,2.89400941884182
0.434,0.186859932440181,0.434000010456521,14.0717525026665,2.86828580217633
0.435,0.186859939207058,0.435000010411666,14.0717531747164,2.84280226983662
0.436,0.186859945354058,0.436000010366812,14.0717538362991,2.8175567942458
0.437,0.186859952478255,0.437000010321958,14.0717544876149,2.7925473536615
0.438,0.186859959002587,0.438000010277103,14.0717551288593,2.76777193201318
0.439,0.186859965422475,0.439000010232249,14.0717557602235,2.74322851932941
0.44,0.18685997175836,0.440000010187394,14.0717563818938,2.71891511214769
0.441,0.186859977999159,0.44100001014254,14.0717569940527,2.69482971390714
0.442,0.186859981351008,0.442000010097685,14.071757596878,2.67097033532459
0.443,0.186859990270487,0.443000010052831,14.0717581905438,2.64733499475443
0.444,0.186859997671684,0.444000010007976,14.07175877522,2.62392171853277
0.445,0.186860002202308,0.445000009963122,14.0717593510727,2.60072854130615
0.446,0.186860007925509,0.446000009918267,14.0717599182643,2.57775350634543
0.447,0.186860013578354,0.447000009873413,14.0717604769535,2.55499466584515
0.448,0.186860019120542,0.448000009828558,14.0717610272954,2.53245008120874
0.449,0.186860024627274,0.449000009783704,14.0717615694418,2.51011782332007
0.45,0.186860029484142,0.450000009738849,14.0717621035409,2.48799597280171
0.451,0.186860036341656,0.451000009693995,14.0717626297378,2.46608262026016
0.452,0.186860038198044,0.45200000964914,14.0717631481744,2.44437586651867
0.453,0.1868600464972,0.453000009604286,14.0717636589894,2.42287382283771
0.454,0.186860051743755,0.454000009559431,14.0717641623187,2.40157461112379
0.455,0.186860056144352,0.455000009514577,14.0717646582948,2.38047636412662
0.456,0.186860061215415,0.456000009469722,14.071765147048,2.35957722562535
0.457,0.186860066209772,0.457000009424868,14.0717656287052,2.33887535060383
0.458,0.186860068330504,0.458000009380013,14.0717661033908,2.31836890541554
0.459,0.186860075288752,0.459000009335159,14.0717665712268,2.29805606793839
0.46,0.186860080111182,0.460000009290304,14.0717670323323,2.27793502771962
0.461,0.186860082005431,0.46100000924545,14.0717674868239,2.25800398611128
0.462,0.186860089403622,0.462000009200596,14.0717679348159,2.23826115639652
0.463,0.186860093912116,0.463000009155741,14.0717683764202,2.21870476390692
0.464,0.186860098339044,0.464000009110887,14.0717688117462,2.19933304613121
0.465,0.186860102697866,0.465000009066032,14.0717692409013,2.18014425281579
0.466,0.186860107341029,0.466000009021178,14.0717696639904,2.16113664605699
0.467,0.18686011123895,0.467000008976323,14.0717700811165,2.14230850038573
0.468,0.186860115280293,0.468000008931469,14.0717704923802,2.12365810284457
0.469,0.186860119699285,0.469000008886614,14.0717708978804,2.10518375305751
0.47,0.186860123756028,0.47000000884176,14.0717712977137,2.0868837632928
0.471,0.18686013054191,0.471000008796905,14.0717716919748,2.06875645851894
0.472,0.18686013220341,0.472000008752051,14.0717720807567,2.05080017645416
0.473,0.186860136381726,0.473000008707196,14.0717724641502,2.03301326760966
0.474,0.186860139085596,0.474000008662342,14.0717728422447,2.01539409532667
0.475,0.186860143186926,0.475000008617487,14.0717732151273,1.99794103580773
0.476,0.186860146936084,0.476000008572633,14.071773582884,1.98065247814228
0.477,0.186860150634545,0.477000008527778,14.0717739455984,1.96352682432685
0.478,0.186860154288437,0.478000008482924,14.0717743033531,1.94656248927998
0.479,0.186860157886206,0.479000008438069,14.0717746562287,1.92975790085214
0.48,0.186860161422579,0.480000008393215,14.0717750043043,1.91311149983079
0.481,0.186860164934204,0.48100000834836,14.0717753476575,1.89662173994075
0.482,0.186860168374148,0.482000008303506,14.0717756863644,1.88028708784011
0.483,0.186860171755895,0.483000008258651,14.0717760204998,1.86410602311186
0.484,0.186860175139297,0.484000008213797,14.0717763501364,1.84807703825133
0.485,0.186860179260325,0.485000008168942,14.0717766753464,1.83219863864978
0.486,0.1868601777894,0.486000008124088,14.0717769962003,1.816469342574
0.487,0.186860183783566,0.487000008079233,14.0717773127667,1.80088768114235
0.488,0.186860185358948,0.488000008034379,14.0717776251137,1.78545219829744
0.489,0.186860191205581,0.489000007989525,14.0717779333081,1.77016145077522
0.49,0.186860194051952,0.49000000794467,14.0717782374143,1.75501400807088
0.491,0.186860196554757,0.491000007899816,14.0717785374969,1.74000845240202
0.492,0.186860201519168,0.492000007854961,14.0717788336191,1.72514337866845
0.493,0.186860203437803,0.493000007810107,14.0717791258416,1.71041739440925
0.494,0.186860206400092,0.494000007765252,14.0717794142252,1.69582911975755
0.495,0.186860207093645,0.495000007720398,14.07177969883,1.68137718739237
0.496,0.186860212156335,0.496000007675543,14.0717799797134,1.6670602424879
0.497,0.186860214981088,0.497000007630689,14.0717802569328,1.65287694266095
0.498,0.186860217786165,0.498000007585834,14.0717805305451,1.63882595791591
0.499,0.186860223331144,0.49900000754098,14.0717808006046,1.62490597058731
0.5,0.186860223279402,0.500000007496125,14.0717810671657,1.61111567528103
0.501,0.186860223203602,0.501000014916753,14.0717813302817,1.59745367715256
0.502,0.186860227601223,0.502000014886799,14.0717815900049,1.58391889923122
0.503,0.186860232228741,0.503000014856846,14.0717818463866,1.57050997015202
0.504,0.186860231419174,0.504000014826893,14.0717820994769,1.55722563297779
0.505,0.18686023639777,0.50500001479694,14.0717823493254,1.54406464272029
0.506,0.186860238233973,0.506000014766986,14.0717825959806,1.53102576627117
0.507,0.186860240760536,0.507000014737033,14.0717828394903,1.5181077823314
0.508,0.186860243258858,0.50800001470708,14.0717830799014,1.50530948133959
0.509,0.186860245716275,0.509000014677126,14.0717833172598,1.49262966539902
0.51,0.186860248140711,0.510000014647173,14.071783551611,1.48006714820355
0.511,0.186860250531511,0.51100001461722,14.0717837829992,1.46762075496249
0.512,0.186860252888099,0.512000014587266,14.0717840114681,1.45528932232455
0.513,0.186860257999294,0.513000014557313,14.0717842370607,1.44307169830073
0.514,0.186860257508157,0.51400001452736,14.0717844598192,1.43096674218654
0.515,0.186860259769762,0.515000014497406,14.0717846797849,1.41897332448326
0.516,0.186860262013309,0.516000014467453,14.0717848969987,1.40709032681864
0.517,0.18686026421653,0.5170000144375,14.0717851115004,1.39531664186675
0.518,0.186860266402608,0.518000014407547,14.0717853233295,1.38365117326741
0.519,0.186860271333759,0.519000014377593,14.0717855325247,1.37209283554492
0.52,0.186860270669274,0.52000001434764,14.0717857391238,1.36064055402633
0.521,0.186860272758261,0.521000014317686,14.0717859431644,1.3492932647593
0.522,0.186860277612819,0.522000014287733,14.071786144683,1.33804991442947
0.523,0.186860276871634,0.52300001425778,14.0717863437159,1.32690946027755
0.524,0.186860278894194,0.524000014227827,14.0717865402985,1.31587087001601
0.525,0.186860280884896,0.525000014197873,14.0717867344657,1.30493312174561
0.526,0.186860282838844,0.52600001416792,14.0717869262518,1.29409520387162
0.527,0.186860284781763,0.527000014137966,14.0717871156906,1.28335611501982
0.528,0.186860286984975,0.528000014108013,14.0717873028153,1.27271486395246
0.529,0.186860288820808,0.52900001407806,14.0717874876586,1.26217046948404
0.53,0.186860290643299,0.530000014048107,14.0717876702524,1.25172196039696
0.531,0.186860292442742,0.531000014018153,14.0717878506284,1.24136837535723
0.532,0.186860294228159,0.5320000139882,14.0717880288176,1.23110876283011
0.533,0.186860296000764,0.533000013958247,14.0717882048505,1.22094218099576
0.534,0.186860298121358,0.534000013928293,14.0717883787573,1.21086769766496
0.535,0.186860302455149,0.53500001389834,14.0717885505674,1.20088439019494
0.536,0.18686030128241,0.536000013868387,14.0717887203099,1.1909913454052
0.537,0.18686030015157,0.537000013838433,14.0717888880134,1.18118765949365
0.538,0.186860302295991,0.53800001380848,14.071789053706,1.17147243795268
0.539,0.186860305758485,0.539000013778527,14.0717892174155,1.16184479548565
0.54,0.186860307918018,0.540000013748573,14.071789379169,1.15230385592338
0.541,0.186860309202924,0.54100001371862,14.0717895389933,1.14284875214097
0.542,0.186860312719413,0.542000013688667,14.0717896969149,1.13347862597488
0.543,0.186860313156324,0.543000013658714,14.0717898529596,1.12419262814023
0.544,0.186860314246943,0.54400001362876,14.071790007153,1.11498991814841
0.545,0.186860315726241,0.545000013598807,14.0717901595203,1.10586966422499
0.546,0.186860316956359,0.546000013568853,14.0717903100861,1.09683104322794
0.547,0.186860316629566,0.5470000135389,14.0717904588748,1.08787324056624
0.548,0.186860319649445,0.548000013508947,14.0717906059104,1.07899545011878
0.549,0.186860322983099,0.549000013478994,14.0717907512164,1.0701968741537
0.55,0.186860323663489,0.55000001344904,14.0717908948161,1.06147672324801
0.551,0.186860327560099,0.551000013419087,14.0717910367323,1.05283421620775
0.552,0.186860326203014,0.552000013389134,14.0717911769875,1.04426857998844
0.553,0.186860327591549,0.55300001335918,14.0717913156038,1.035779049616
0.554,0.186860329002001,0.554000013311899,14.071791452603,1.02736486825349
0.555,0.18686033072186,0.555000013248532,14.0717915880067,1.01902528681796
0.556,0.186860331232978,0.556000013185165,14.0717917218359,1.01075956394045
0.557,0.186860333101998,0.557000013121799,14.0717918541114,1.00256696614668
0.558,0.186860334400592,0.558000013058432,14.0717919848538,0.994446767644083
0.559,0.18686033570362,0.559000012995065,14.0717921140831,0.986398250245526
0.56,0.186860337012533,0.560000012931699,14.0717922418193,0.97842070329345
0.561,0.186860338496273,0.561000012868332,14.0717923680815,0.970513423584549
0.562,0.186860342496699,0.562000012804965,14.0717924928902,0.962675715295022
0.563,0.186860338194031,0.563000012741599,14.0717926162637,0.954906889906078
0.564,0.186860345012768,0.564000012678232,14.0717927382194,0.947206266130187
0.565,0.186860340662383,0.565000012614865,14.0717928587779,0.93957316983811
0.566,0.186860344639641,0.566000012551499,14.0717929779563,0.932006933985679
0.567,0.186860345813734,0.567000012488132,14.0717930957714,0.924506898541798
0.568,0.186860347869841,0.568000012424765,14.071793212243,0.917072410417017
0.569,0.186860346640369,0.569000012361399,14.0717933273868,0.909702823391877
0.57,0.186860348781205,0.570000012298032,14.0717934412196,0.902397498046724
0.571,0.186860350576528,0.571000012234666,14.07179355376,0.895155801691646
0.572,0.186860351575331,0.572000012171299,14.0717936650233,0.887977108296709
0.573,0.186860352860904,0.573000012107932,14.0717937750253,0.880860798423227
0.574,0.186860354375771,0.574000012044566,14.0717938837835,0.873806259155475
0.575,0.186860356273352,0.575000011981199,14.0717939913132,0.866812884032599
0.576,0.186860353123621,0.576000011917832,14.0717940976287,0.859880072981449
0.577,0.186860357002915,0.577000011854466,14.0717942027477,0.853007232250119
0.578,0.186860360879804,0.578000011791099,14.0717943066842,0.8461937743414
0.579,0.186860362017488,0.579000011727732,14.0717944094518,0.839439117947361
0.58,0.186860359994334,0.580000011664366,14.0717945110675,0.832742687884596
0.581,0.186860360967153,0.581000011600999,14.071794611545,0.826103915029332
0.582,0.186860361800262,0.582000011537632,14.0717947108975,0.819522236253728
0.583,0.186860365298787,0.583000011474266,14.0717948091408,0.812997094362727
0.584,0.186860363097877,0.584000011410899,14.0717949062877,0.806527938030938
0.585,0.186860366309381,0.585000011347532,14.0717950023521,0.800114221740644
0.586,0.186860366543652,0.586000011284166,14.0717950973475,0.793755405720221
0.587,0.18686036710915,0.587000011220799,14.0717951912872,0.787450955882865
0.588,0.18686036806368,0.588000011157433,14.0717952841843,0.781200343766189
0.589,0.186860371808058,0.589000011094066,14.0717953760518,0.775003046472231
0.59,0.186860369972961,0.590000011030699,14.0717954669023,0.76885854660804
0.591,0.186860370925907,0.591000010967332,14.0717955567484,0.762766332226831
0.592,0.186860371883055,0.592000010903966,14.0717956456024,0.756725896769676
0.593,0.186860372843884,0.593000010840599,14.0717957334766,0.750736739007772
0.594,0.186860374352844,0.594000010777233,14.071795820383,0.744798362985223
0.595,0.186860372244665,0.595000010713866,14.0717959063334,0.738910277962404
0.596,0.186860375692843,0.596000010650499,14.0717959913395,0.733071998359847
0.597,0.186860376336366,0.597000010587132,14.0717960754129,0.727283043702688
0.598,0.186860377120661,0.598000010523766,14.0717961585648,0.721542938565634
0.599,0.186860378393856,0.599000010460399,14.0717962408065,0.715851212518492
0.6,0.186860377020247,0.600000010397033,14.0717963221491,0.710207400072208
0.601,0.186860378575724,0.601000010333666,14.0717964026034,0.704611040625463
0.602,0.18686038022679,0.602000010270299,14.0717964821802,0.699061678411775
0.603,0.186860380993449,0.603000010206933,14.07179656089,0.693558862447157
0.604,0.186860381770247,0.604000010143566,14.0717966387433,0.688102146478271
0.605,0.186860379801615,0.605000010080199,14.0717967157504,0.682691088931112
0.606,0.186860383330075,0.606000010016833,14.0717967919214,0.677325252860215
0.607,0.186860381303286,0.607000009953466,14.0717968672665,0.672004205898387
0.608,0.186860384815827,0.6080000098901,14.0717969417954,0.666727520206912
0.609,0.186860385190654,0.609000009826733,14.0717970155179,0.661494772426313
0.61,0.186860386259862,0.610000009763366,14.0717970884435,0.656305543627567
0.611,0.186860387119473,0.611000009699999,14.0717971605819,0.65115941926389
0.612,0.186860390632547,0.612000009636633,14.0717972319423,0.646055989122935
0.613,0.186860388523024,0.613000009573266,14.071797302534,0.640994847279559
0.614,0.186860386375131,0.6140000095099,14.0717973723661,0.63597559204903
0.615,0.186860389809839,0.615000009446533,14.0717974414474,0.630997825940761
0.616,0.186860390189897,0.616000009383166,14.071797509787,0.626061155612485
0.617,0.186860391352305,0.6170000093198,14.0717975773935,0.621165191824956
0.618,0.186860394319249,0.618000009256433,14.0717976442756,0.616309549397083
0.619,0.186860392645282,0.619000018416885,14.0717977104417,0.611493802876176
0.62,0.18686039318485,0.62000001836842,14.0717977759002,0.606717663928349
0.621,0.186860393764345,0.621000018319955,14.0717978406594,0.601980714702237
0.622,0.186860394421228,0.622000018271489,14.0717979047276,0.597282585810355
0.623,0.18686039511325,0.623000018223024,14.0717979681126,0.592622911706177
0.624,0.186860398509483,0.624000018174558,14.0717980308225,0.58800133064205
0.625,0.186860399227398,0.625000018126093,14.0717980928652,0.583417484627587
0.626,0.186860397308378,0.626000018077627,14.0717981542483,0.578871019388499
0.627,0.186860397772448,0.627000018029162,14.0717982149795,0.574361584325857
0.628,0.186860398265666,0.628000017980696,14.0717982750664,0.569888832475817
0.629,0.186860398872157,0.629000017932231,14.0717983345163,0.565452420469748
0.63,0.186860400017445,0.630000017883765,14.0717983933367,0.561052008494826
0.631,0.186860400942618,0.6310000178353,14.0717984515346,0.556687260255024
0.632,0.186860399604448,0.632000017786834,14.0717985091174,0.55235784293255
0.633,0.186860403105004,0.633000017738369,14.0717985660921,0.548063427149681
0.634,0.186860401137302,0.634000017689903,14.0717986224656,0.54380368693104
0.635,0.186860402017331,0.635000017641438,14.0717986782447,0.539578299666247
0.636,0.186860405685665,0.636000017592972,14.0717987334364,0.53538694607303
0.637,0.186860403700422,0.637000017544507,14.0717987880472,0.531229310160685
0.638,0.186860400623535,0.638000017496041,14.0717988420838,0.527105079193979
0.639,0.186860404435748,0.639000017447576,14.0717988955527,0.523013943657425
0.64,0.186860402364228,0.64000001739911,14.0717989484603,0.518955597219963
0.641,0.186860405704657,0.641000017350645,14.071799000813,0.514929736700012
0.642,0.186860406220772,0.642000017302179,14.071799052617,0.510936062030942
0.643,0.186860406729488,0.643000017253714,14.0717991038786,0.506974276226883
0.644,0.186860407235778,0.644000017205248,14.071799154604,0.503044085348955
0.645,0.186860407761461,0.645000017156783,14.0717992047981,0.4991451984718
0.646,0.186860408235715,0.646000017108317,14.0717992544689,0.495277327650679
0.647,0.186860411533684,0.647000017059852,14.0717993036218,0.491440187888618
0.648,0.186860409257777,0.648000017011386,14.0717993522602,0.487633497104082
0.649,0.186860412531066,0.649000016962921,14.071799400393,0.483856976099313
0.65,0.186860410238832,0.650000016914455,14.0717994480253,0.480110348528378
0.651,0.186860413523859,0.65100001686599,14.0717994951599,0.47639334086599
0.652,0.18686041124081,0.652000016817524,14.0717995418051,0.472705682376868
0.653,0.186860411728474,0.653000016769059,14.071799587967,0.469047105084923
0.654,0.186860412249076,0.654000016720593,14.0717996336475,0.46541734374298
0.655,0.186860412719294,0.655000016672128,14.0717996788552,0.461816135803261
0.656,0.186860410409265,0.656000016623662,14.0717997235946,0.458243221387488
0.657,0.186860410862169,0.657000016575197,14.0717997678686,0.454698343257772
0.658,0.186860414105535,0.658000016526731,14.0717998116852,0.451181246787915
0.659,0.186860413913337,0.659000016478266,14.0717998550495,0.447691679934631
0.66,0.186860415436369,0.6600000164298,14.0717998979629,0.444229393209258
0.661,0.186860415748873,0.661000016381335,14.0717999404346,0.440794139650219
0.662,0.186860413301676,0.66200001633287,14.0717999824676,0.437385674794965
0.663,0.186860416422081,0.663000016284404,14.0718000240658,0.434003756652918
0.664,0.186860416778354,0.664000016235939,14.0718000652355,0.430648145678501
0.665,0.186860418609125,0.665000016187473,14.0718001059811,0.427318604744365
0.666,0.186860420110759,0.666000016139008,14.0718001463054,0.424014899114972
0.667,0.186860420574958,0.667000016090542,14.0718001862158,0.420736796420731
0.668,0.186860418258072,0.668000016002649,14.0718002257157,0.417484066759806
0.669,0.186860421477226,0.669000015909329,14.071800264809,0.414256482304605
0.67,0.186860419095574,0.670000015816009,14.0718003035003,0.411053817611588
0.671,0.186860419551515,0.671000015722689,14.0718003417941,0.407875849519304
0.672,0.186860420631546,0.672000015629369,14.0718003796947,0.404722357105899
0.673,0.186860421684139,0.673000015536049,14.0718004172063,0.401593121665065
0.674,0.186860419778181,0.674000015442729,14.0718004543331,0.398487926681724
0.675,0.186860419381321,0.675000015349409,14.0718004910794,0.395406557808043
0.676,0.186860422057349,0.676000015256089,14.0718005274491,0.392348802840422
0.677,0.186860419359172,0.677000015162769,14.0718005634463,0.389314451695652
0.678,0.186860422342942,0.678000015069449,14.071800599075,0.386303296388223
0.679,0.186860422617316,0.679000014976129,14.0718006343391,0.383315131007467
0.68,0.186860420005454,0.680000014882809,14.0718006692426,0.380349751695072
0.681,0.186860422918075,0.68100001478949,14.0718007037893,0.377406956622841
0.682,0.186860424520924,0.68200001469617,14.071800737983,0.374486545970701
0.683,0.1868604239346,0.68300001460285,14.0718007718274,0.371588321904961
0.684,0.186860424197453,0.68400001450953,14.0718008053263,0.368712088556824
0.685,0.186860425899425,0.68500001441621,14.0718008384833,0.365857652001131
0.686,0.186860427672208,0.68600001432289,14.071800871302,0.363024820235351
0.687,0.186860422758154,0.68700001422957,14.0718009037861,0.360213403158818
0.688,0.186860425742181,0.68800001413625,14.0718009359391,0.357423212552183
0.689,0.186860423224245,0.68900001404293,14.0718009677644,0.35465406205713
0.69,0.186860426467675,0.69000001394961,14.0718009992656,0.351905767156293
0.691,0.18686042659452,0.69100001385629,14.071801030446,0.34917814515341
0.692,0.18686042404136,0.69200001376297,14.071801061309,0.346471015153715
0.693,0.186860428102593,0.69300001366965,14.071801091858,0.343784198044538
0.694,0.186860428153591,0.69400001357633,14.0718011220962,0.34111751647613
0.695,0.186860428153882,0.69500001348301,14.0718011520269,0.338470794842706
0.696,0.186860428075956,0.69600001338969,14.0718011816533,0.335843859263697
0.697,0.186860428596408,0.69700001329637,14.0718012109786,0.33323653756524
0.698,0.186860428855842,0.69800001320305,14.0718012400059,0.330648659261828
0.699,0.186860426314237,0.69900001310973,14.0718012687383,0.328080055538228
0.7,0.18686042964206,0.70000001301641,14.0718012971789,0.325530559231566
0.701,0.186860430154909,0.70100001292309,14.0718013253308,0.32300000481362
0.702,0.186860429856262,0.70200001282977,14.0718013531969,0.320488228373314
0.703,0.186860427344595,0.70300001273645,14.0718013807802,0.317995067599441
0.704,0.186860430416104,0.70400001264313,14.0718014080836,0.31552036176352
0.705,0.186860427859252,0.70500001254981,14.0718014351101,0.313063951702917
0.706,0.186860430916337,0.70600001245649,14.0718014618624,0.310625679804103
0.707,0.186860431176011,0.70700001236317,14.0718014883434,0.308205389986136
0.708,0.186860431461755,0.70800001226985,14.0718015145558,0.305802927684305
0.709,0.18686043450441,0.70900001217653,14.0718015405026,0.303418139833985
0.71,0.186860431960776,0.710000012083211,14.0718015661863,0.301050874854655
0.711,0.186860432248473,0.71100001198989,14.0718015916097,0.298700982634106
0.712,0.186860432504769,0.71200001189657,14.0718016167755,0.296368314512822
0.713,0.186860435546201,0.713000011803251,14.0718016416862,0.294052723268545
0.714,0.186860433026724,0.714000011709931,14.0718016663446,0.291754063101015
0.715,0.186860433035052,0.715000011616611,14.0718016907531,0.289472189616879
0.716,0.186860432619176,0.716000011523291,14.0718017149143,0.287206959814758
0.717,0.186860433271865,0.717000011429971,14.0718017388307,0.284958232070517
0.718,0.186860434936448,0.718000011336651,14.0718017625049,0.282725866122663
0.719,0.186860434273852,0.719000011243331,14.0718017859393,0.280509723057938
0.72,0.186860434496801,0.720000011150011,14.0718018091362,0.278309665297051
0.721,0.18686043201838,0.721000011056691,14.0718018320982,0.2761255565806
0.722,0.186860432224874,0.722000010963371,14.0718018548276,0.273957261955119
0.723,0.18686043245403,0.723000010870051,14.0718018773268,0.271804647759305
0.724,0.186860435480639,0.724000021565172,14.071801899598,0.269667558618174
0.725,0.186860435673571,0.725000021486753,14.0718019216436,0.267545909532779
0.726,0.186860435877676,0.726000021408334,14.0718019434658,0.265439547509731
0.727,0.186860436058025,0.727000021329916,14.0718019650669,0.263348343921693
0.728,0.186860435764218,0.728000021251497,14.0718019864492,0.261272171366892
0.729,0.186860435059898,0.729000021173078,14.0718020076147,0.259210903656259
0.73,0.186860437442779,0.730000021094659,14.0718020285658,0.257164415800689
0.731,0.186860434486096,0.73100002101624,14.0718020493032,0.255132583998445
0.732,0.186860434457568,0.732000020937821,14.071802069833,0.253115285622825
0.733,0.186860438816748,0.733000020859403,14.0718020901564,0.251112399209677
0.734,0.186860438418551,0.734000020780984,14.0718021102655,0.249123804445174
0.735,0.186860436610862,0.735000020702565,14.0718021301774,0.247149382154378
0.736,0.186860435248658,0.736000020624146,14.071802149884,0.245189014288468
0.737,0.186860441068491,0.737000020545727,14.0718021693918,0.243242583913678
0.738,0.186860438542475,0.738000020467309,14.0718021887042,0.241309975199358
0.739,0.186860438796848,0.73900002038889,14.0718022078201,0.239391073406463
0.74,0.186860439042946,0.740000020310471,14.0718022267369,0.23748576487624
0.741,0.186860442140766,0.741000020232052,14.0718022454649,0.23559393701921
0.742,0.186860438820405,0.742000020153633,14.0718022639996,0.233715478303619
0.743,0.186860438662108,0.743000020075215,14.0718022823507,0.2318502782449
0.744,0.186860439336565,0.744000019996796,14.0718023005167,0.229998227394418
0.745,0.186860439530366,0.745000019918377,14.0718023184976,0.228159217328908
0.746,0.186860439755048,0.746000019839958,14.0718023362875,0.226333140639746
0.747,0.186860439969079,0.747000019761539,14.0718023539031,0.224519890922901
0.748,0.186860440137694,0.748000019683121,14.0718023713351,0.222719362767757
0.749,0.186860443149526,0.749000019604702,14.0718023885921,0.220931451747553
0.75,0.186860440491724,0.750000019526283,14.0718024056767,0.219156054408832
0.751,0.186860440675537,0.751000019447864,14.0718024225868,0.217393068261427
0.752,0.186860440864146,0.752000019369445,14.0718024393171,0.215642391768561
0.753,0.186860443773912,0.753000019291026,14.0718024558836,0.213903924337376
0.754,0.186860438282439,0.754000019212608,14.0718024722751,0.212177566308503
0.755,0.186860443882941,0.755000019134189,14.0718024885057,0.210463218947191
0.756,0.186860443868443,0.75600001905577,14.0718025045676,0.208760784433366
0.757,0.186860444605268,0.757000018977351,14.0718025204655,0.207070165852216
0.758,0.18686044197221,0.758000018898933,14.0718025362007,0.205391267185055
0.759,0.186860442115616,0.759000018820514,14.071802551775,0.203723993300489
0.76,0.186860442260831,0.760000018742095,14.0718025671899,0.202068249944466
0.761,0.186860442407376,0.761000018663676,14.0718025824468,0.200423943732136
0.762,0.186860442548346,0.762000018585257,14.0718025975474,0.198790982138504
0.763,0.186860441121368,0.763000018506838,14.0718026124931,0.197169273489765
0.764,0.186860442694479,0.76400001842842,14.0718026272855,0.195558726954488
0.765,0.186860442337228,0.765000018291536,14.071802641926,0.193959252628796
0.766,0.186860442829182,0.766000018149751,14.0718026564161,0.192370761253715
0.767,0.186860443188113,0.767000018007965,14.0718026707572,0.190793164466619
0.768,0.186860443332467,0.76800001786618,14.0718026849507,0.189226374721167
0.769,0.186860443469578,0.769000017724394,14.0718026989981,0.187670305271647
0.77,0.18686044361381,0.770000017582609,14.0718027129008,0.186124870164668
0.771,0.186860443751917,0.771000017440824,14.0718027266601,0.184589984231168
0.772,0.186860443951582,0.772000017299038,14.0718027402775,0.183065563078451
0.773,0.186860444087321,0.773000017157253,14.0718027537542,0.181551523082334
0.774,0.186860444172796,0.774000017015467,14.0718027670917,0.180047781379362
0.775,0.186860444301395,0.775000016873682,14.0718027802912,0.17855425585913
0.776,0.186860444421168,0.776000016731896,14.0718027933541,0.177070865156665
0.777,0.186860444551171,0.777000016590111,14.0718028062816,0.17559752864492
0.778,0.186860444706507,0.778000016448325,14.0718028190751,0.174134166427313
0.779,0.186860444840389,0.77900001630654,14.0718028317358,0.172680699330388
0.78,0.186860442205378,0.780000016164754,14.071802844265,0.171237048896525
0.781,0.186860445120352,0.781000016022969,14.0718028566639,0.169803137376755
0.782,0.186860445392704,0.782000015881184,14.0718028689338,0.168378887723621
0.783,0.18686044677594,0.783000015739398,14.0718028810758,0.166964223584162
0.784,0.186860447026852,0.784000015597613,14.0718028930912,0.165559069292924
0.785,0.186860445593273,0.785000015455827,14.0718029049812,0.16416334986509
0.786,0.186860445755992,0.786000015314042,14.071802916747,0.162776990989657
0.787,0.186860445870852,0.787000015172256,14.0718029283896,0.161399919022698
0.788,0.186860445904176,0.788000015030471,14.0718029399104,0.160032060980703
0.789,0.186860446113901,0.789000014888685,14.0718029513104,0.158673344533978
0.79,0.186860446143898,0.7900000147469,14.0718029625908,0.157323698000125
0.791,0.186860448868818,0.791000014605114,14.0718029737526,0.155983050337597
0.792,0.18686044588033,0.792000014463329,14.071802984797,0.154651331139313
0.793,0.186860448257885,0.793000014321544,14.0718029957252,0.153328470626346
0.794,0.186860447572764,0.794000014179758,14.0718030065381,0.152014399641679
0.795,0.186860446813905,0.795000014037973,14.0718030172368,0.150709049644045
0.796,0.186860446921202,0.796000013896187,14.0718030278225,0.149412352701793
0.797,0.18686044703792,0.797000013754402,14.0718030382962,0.148124241486867
0.798,0.186860447166754,0.798000013612616,14.0718030486589,0.146844649268822
0.799,0.186860447292169,0.799000013470831,14.0718030589116,0.145573509908907
0.8,0.186860447424404,0.800000013329045,14.0718030690554,0.144310757854226
0.801,0.186860444781482,0.80100001318726,14.0718030790912,0.14305632813195
0.802,0.186860447722367,0.802000013045474,14.0718030890202,0.141810156343584
0.803,0.18686044789802,0.803000012903689,14.0718030988432,0.140572178659326
0.804,0.186860448093323,0.804000012761904,14.0718031085613,0.139342331812442
0.805,0.186860447444204,0.805000012620118,14.0718031181754,0.138120553093746
0.806,0.18686044745643,0.806000012478333,14.0718031276865,0.136906780346116
0.807,0.186860448001565,0.807000012336547,14.0718031370955,0.135700951959061
0.808,0.18686044808738,0.808000012194762,14.0718031464034,0.134503006863369
0.809,0.186860448142786,0.809000024108016,14.0718031556111,0.133312870216383
0.81,0.186860448264853,0.810000023981132,14.0718031647196,0.132130510710156
0.811,0.186860445563705,0.811000023854248,14.0718031737297,0.130955854482046
0.812,0.186860448432888,0.812000023727363,14.0718031826423,0.129788842575454
0.813,0.186860448538689,0.813000023600479,14.0718031914588,0.128629416549084
0.814,0.186860448614635,0.814000023473595,14.0718032001833,0.127477518471961
0.815,0.186860448689922,0.81500002334671,14.0718032088092,0.126333090918302
0.816,0.186860445987245,0.816000023219826,14.0718032173246,0.125196076962671
0.817,0.186860448859848,0.817000023092942,14.0718032257692,0.124066420175607
0.818,0.186860448922661,0.818000022966057,14.0718032341208,0.122944064617795
0.819,0.186860449007835,0.819000022839173,14.0718032423732,0.121828954835991
0.82,0.186860446313304,0.820000022712289,14.0718032505449,0.120721035858394
0.821,0.186860446389101,0.821000022585405,14.0718032586052,0.119620253189318
0.822,0.186860449245223,0.82200002245852,14.0718032666096,0.118526552805762
0.823,0.186860449041935,0.823000022331636,14.0718032744924,0.117439881151059
0.824,0.186860449146699,0.824000022204752,14.0718032823118,0.116360185132446
0.825,0.186860449244289,0.825000022077867,14.0718032900297,0.115287412114729
0.826,0.186860449343678,0.826000021950983,14.0718032976754,0.114221509917232
0.827,0.186860449433273,0.827000021824099,14.0718033052306,0.113162426808479
0.828,0.18686044952562,0.828000021697215,14.071803312686,0.112110111502317
0.829,0.186860452400212,0.82900002157033,14.0718033200767,0.111064513153911
0.83,0.186860452484471,0.830000021443446,14.0718033273837,0.110025581354737
0.831,0.186860449786265,0.831000021316562,14.071803334612,0.108993266128987
0.832,0.186860449879522,0.832000021189677,14.0718033417505,0.10796751792911
0.833,0.186860449959141,0.833000021062793,14.071803348791,0.106948287631869
0.834,0.186860450037181,0.834000020935909,14.0718033557818,0.105935526534596
0.835,0.186860450123292,0.835000020809024,14.0718033626825,0.104929186350409
0.836,0.186860450207324,0.83600002068214,14.0718033695049,0.103929219204739
0.837,0.186860450286611,0.837000020555256,14.0718033762497,0.10293557763119
0.838,0.186860450361141,0.838000020428372,14.0718033829176,0.101948214567929
0.839,0.186860450439016,0.839000020301487,14.0718033895093,0.100967083353829
0.84,0.186860450514603,0.840000020126217,14.0718033960255,0.0999921377708944
0.841,0.186860450593119,0.841000019906013,14.0718034024668,0.0990233319435982
0.842,0.18686045067039,0.842000019685809,14.0718034088339,0.0980606203452572
0.843,0.186860450725479,0.843000019465605,14.0718034151275,0.0971039578790118
0.844,0.186860448017455,0.8440000192454,14.0718034213483,0.0961532998296389
0.845,0.186860450882045,0.845000019025196,14.0718034274968,0.095208601860153
0.846,0.186860450956635,0.846000018804992,14.0718034335738,0.0942698200085708
0.847,0.186860453805988,0.847000018584787,14.0718034395799,0.0933369106837127
0.848,0.186860453872111,0.848000018364583,14.0718034455156,0.0924098306619235
0.849,0.186860451147687,0.849000018144379,14.0718034513817,0.0914885370838173
0.85,0.186860451214116,0.850000017924175,14.0718034571787,0.0905729874507209
0.851,0.186860451262439,0.85100001770397,14.0718034629072,0.0896631396212004
0.852,0.186860454130884,0.852000017483766,14.071803468568,0.0887589518077586
0.853,0.186860451410735,0.853000017263562,14.0718034741614,0.0878603825735068
0.854,0.186860454529249,0.854000017043358,14.0718034796883,0.0869673908288496
0.855,0.18686045177444,0.855000016823153,14.0718034851491,0.0860799358282423
0.856,0.18686045180197,0.856000016602949,14.0718034905444,0.0851979771669496
0.857,0.186860451836361,0.857000016382745,14.0718034958748,0.0843214747778647
0.858,0.18686045186798,0.858000016162541,14.0718035011409,0.0834503889283351
0.859,0.186860451896311,0.859000015942336,14.0718035063433,0.08258468021704
0.86,0.186860451928732,0.860000015722132,14.0718035114824,0.0817243095708984
0.861,0.186860451961117,0.861000015501928,14.0718035165589,0.0808692382419965
0.862,0.186860452004305,0.862000015281724,14.0718035215734,0.0800194278045582
0.863,0.186860452470603,0.863000015061519,14.0718035265262,0.0791748401519474
0.864,0.186860449578039,0.864000014841315,14.0718035314181,0.0783354374936865
0.865,0.186860452296147,0.865000014621111,14.0718035362495,0.0775011823525251
0.866,0.186860449476423,0.866000014400907,14.071803541021,0.0766720375615281
0.867,0.186860452254708,0.867000014180702,14.0718035457331,0.0758479662611896
0.868,0.186860452266222,0.868000013960498,14.0718035503863,0.0750289318965865
0.869,0.186860452296546,0.869000013740294,14.0718035549811,0.0742148982145517
0.87,0.186860453943796,0.870000013520089,14.071803559518,0.0734058292608869
0.871,0.186860452069646,0.871000013299885,14.0718035639976,0.0726016893775927
0.872,0.186860452444757,0.872000013079681,14.0718035684203,0.0718024432001367
0.873,0.186860452371367,0.873000025868191,14.0718035727867,0.0710080453474163
0.874,0.186860451982972,0.874000025662888,14.0718035770972,0.0702184816992142
0.875,0.186860451367936,0.875000025457585,14.0718035813522,0.0694337073967676
0.876,0.186860453392452,0.876000025252281,14.0718035855524,0.0686536882225788
0.877,0.18686045261044,0.877000025046978,14.0718035896981,0.0678783902393446
0.878,0.18686045271501,0.878000024841675,14.0718035937899,0.0671077797873788
0.879,0.186860452710666,0.879000024636372,14.0718035978282,0.066341823482065
0.88,0.186860452712795,0.880000024431069,14.0718036018135,0.0655804882113266
0.881,0.186860452567875,0.881000024225766,14.0718036057711,0.0648237411332633
0.882,0.18686045278206,0.882000024020463,14.0718036096271,0.0640715496730778
0.883,0.186860452771313,0.88300002381516,14.0718036134719,0.063323881521878
0.884,0.186860451918849,0.884000023609857,14.0718036172426,0.0625807046327665
0.885,0.186860454026446,0.885000023404554,14.0718036209524,0.0618419872195093
0.886,0.186860453456977,0.886000023199251,14.0718036246619,0.0611076977540139
0.887,0.186860453058718,0.887000022993947,14.0718036282414,0.0603778049629422
0.888,0.186860453058721,0.888000022788644,14.071803631865,0.0596522778275421
0.889,0.186860453099003,0.889000022583341,14.0718036353897,0.0589310855786459
0.89,0.186860455921338,0.890000022378038,14.071803638819,0.058214197696408
0.891,0.186860453177948,0.891000022172735,14.0718036422796,0.0575015839079092
0.892,0.186860450427335,0.892000021967432,14.071803645635,0.0567932141833153
0.893,0.186860453242147,0.893000021762129,14.0718036490221,0.0560890587359128
0.894,0.186860453262422,0.894000021556826,14.0718036522827,0.0553890880175657
0.895,0.186860453292932,0.895000021210949,14.0718036555169,0.0546932728163554
0.896,0.186860453348486,0.896000020863861,14.0718036587475,0.0540015839600844
0.897,0.186860453358316,0.897000020516773,14.0718036618891,0.0533139926065315
0.898,0.186860454758441,0.898000020169684,14.0718036649837,0.0526304701462023
0.899,0.18686045171183,0.899000019822595,14.071803668044,0.051950988198026
0.9,0.186860453473726,0.900000019475507,14.0718036710596,0.0512755186089946
0.901,0.186860453476178,0.901000019128418,14.071803674031,0.0506040334503588
0.902,0.186860450505557,0.90200001878133,14.0718036769586,0.0499365050168222
0.903,0.186860453369911,0.903000018434241,14.0718036798427,0.0492729058236129
0.904,0.186860453448244,0.904000018087153,14.0718036826836,0.0486132086056358
0.905,0.186860451271268,0.905000017740064,14.0718036854818,0.0479573863150082
0.906,0.186860453785039,0.906000017392976,14.0718036882376,0.0473054121177575
0.907,0.186860453832356,0.907000017045887,14.0718036909514,0.0466572593947579
0.908,0.186860453886235,0.908000016698798,14.0718036936236,0.0460129017369221
0.909,0.186860453935181,0.90900001635171,14.0718036962544,0.045372312945286
0.91,0.186860453970338,0.910000016004621,14.0718036988442,0.0447354670286912
0.911,0.186860454011781,0.911000015657533,14.0718037013935,0.0441023382004748
0.912,0.186860454032151,0.912000015310444,14.0718037039024,0.043472900879505
0.913,0.186860454049568,0.913000014963355,14.0718037063714,0.0428471296854375
0.914,0.186860454055058,0.914000014616267,14.0718037088009,0.0422249994388011
0.915,0.186860454051398,0.915000014269178,14.071803711191,0.0416064851585107
0.916,0.186860454038418,0.91600001392209,14.0718037135423,0.0409915620602357
0.917,0.186860454021504,0.917000027239367,14.0718037158549,0.04038019722242
0.918,0.186860454651572,0.918000026907179,14.0718037181293,0.0397723829527071
0.919,0.18686045557322,0.919000026574992,14.0718037203657,0.0391680866749221
0.92,0.186860453985791,0.920000026242805,14.0718037225645,0.0385672843744718
0.921,0.186860454005952,0.921000025910617,14.0718037247259,0.0379699522249633
0.922,0.186860454031005,0.92200002557843,14.0718037268504,0.0373760665865503
0.923,0.186860453141347,0.923000025246242,14.0718037289382,0.0367856040042915
0.924,0.186860452730142,0.924000024914055,14.0718037309896,0.0361985412065189
0.925,0.186860451361321,0.925000024581867,14.0718037330049,0.0356148551032343
0.926,0.186860451510468,0.92600002424968,14.0718037349844,0.035034522784512
0.927,0.186860454562888,0.927000023917493,14.0718037369285,0.0344575215189096
0.928,0.186860453749046,0.928000023585305,14.0718037388374,0.0338838287519161
0.929,0.186860454126232,0.929000023253118,14.0718037407114,0.0333134221044028
0.93,0.18686045694664,0.93000002292093,14.0718037425508,0.0327462793710792
0.931,0.186860454159875,0.931000022588743,14.0718037442711,0.0321823785187829
0.932,0.186860454165822,0.932000022123981,14.0718037460785,0.0316216977599835
0.933,0.186860456953187,0.933000021571589,14.0718037478948,0.0310642153754146
0.934,0.186860454173129,0.934000021019197,14.0718037495908,0.0305099097905562
0.935,0.186860454143955,0.935000020466806,14.0718037512298,0.0299587596469968
0.936,0.186860454116614,0.936000019914414,14.0718037528122,0.0294107437511261
0.937,0.186860454066123,0.937000019362022,14.0718037545115,0.0288658410732047
0.938,0.186860453996789,0.938000018809631,14.0718037561259,0.0283240307447948
0.939,0.186860456684836,0.939000018257239,14.0718037576051,0.0277852920584847
0.94,0.186860453769658,0.940000017704847,14.0718037590999,0.0272496044665419
0.941,0.186860453599078,0.941000017152456,14.0718037605,0.0267169475786357
0.942,0.186860453374732,0.942000016600064,14.0718037620282,0.0261873011614504
0.943,0.186860455875352,0.943000016047673,14.0718037634433,0.0256606451368544
0.944,0.186860455512364,0.944000015495281,14.0718037648276,0.025136959579327
0.945,0.186860455057648,0.945000014942889,14.0718037661815,0.0246162247176356
0.946,0.186860453545279,0.946000014390498,14.071803767505,0.0240984209313137
0.947,0.186860456073567,0.947000027949506,14.0718037687986,0.0235835215017726
0.948,0.186860455758869,0.948000027412016,14.0718037700623,0.0230715216341143
0.949,0.186860455389022,0.949000026874525,14.0718037712966,0.0225623948728853
0.95,0.186860452168744,0.950000026337035,14.0718037725016,0.0220561221897279
0.951,0.186860454528532,0.951000025799544,14.0718037736775,0.0215526847004645
0.952,0.186860454545268,0.952000025262054,14.0718037748247,0.0210520636647851
0.953,0.186860454565895,0.953000024724563,14.0718037759433,0.0205542404848154
0.954,0.186860454588627,0.954000024187073,14.0718037770336,0.0200591967031095
0.955,0.186860454618176,0.955000014792785,14.0718037780958,0.019566918351619
0.956,0.186860454645087,0.956000028470075,14.0718037791301,0.019077371589981
0.957,0.186860457460779,0.95700002226606,14.0718037801368,0.0185905594216292
0.958,0.186860457493915,0.958000021381481,14.0718037811162,0.01810645161241
0.959,0.186860454625649,0.959000020496902,14.0718037820683,8.86778643537226e-06
0.96,0.1868604546301,0.960000019612323,14.0718037829935,6.52425065715719e-06
0.961,0.186860454536622,0.961000018727744,14.071803783892,4.72489579878466e-06
0.962,0.186860454566583,0.962000017843165,14.0718037847772,3.3640230059057e-06
0.963,0.18686045456733,0.963000016958586,14.071803785869,2.35142565025402e-06
0.964,0.186860457370935,0.964000016074006,14.0718037863076,1.61117586591233e-06
0.965,0.186860454595123,0.965000015189427,14.0718037874028,1.08031832626785e-06
0.966,0.18686045461045,0.966000028699371,14.0718037877846,7.07502213579841e-07
0.967,0.186860454656728,0.967000027829693,14.0718037883777,4.51586893913692e-07
0.968,0.186860454647821,0.968000026960015,14.0718037896609,2.80250022783662e-07
0.969,0.186860454625614,0.969000026090337,14.0718037901434,1.68639492766992e-07
0.97,0.186860454665399,0.970000025220659,14.0718037908109,9.80941685731891e-08
0.971,0.186860454472539,0.971000024350981,14.0718037914538,5.49634065410264e-08
0.972,0.18686045387369,0.972000023481303,14.0718037920723,2.95467175835145e-08
0.973,0.186860454707569,0.973000022087548,14.0718037926666,1.51687786071535e-08
0.974,0.186860450793682,0.974000020665478,9.72461801074975e-06,7.39759866426636e-09
0.975,0.186860450656172,0.975000019243409,4.6695816938643e-06,3.40607025086561e-09
0.976,0.186860450378333,0.976000017821339,2.10512313832245e-06,1.46999887058484e-09
0.977,0.186860450119751,0.97700001639927,8.83619423838815e-07,5.89679286429566e-10
0.978,0.186860453707755,0.9780000149772,579058808.858443,368967.431468933
0.979,0.186860456229444,0.979000028143368,1641977600.81936,995931.238130362
0.98,0.186860453199364,0.980000026736199,5181650135.82424,2984992.51401686
0.981,0.186860455755244,0.981000025329031,18510347770.4829,10102236.8938798
0.982,0.186860458522776,0.982000023921863,76426535739.9453,39406886.2613819
0.983,0.186860456349514,0.983000021781699,374221124180.326,181735853.919632
0.984,0.186860456800738,0.984000019489951,2244091706996.9,1022901461.0131
0.985,0.186860454334771,0.985000017198204,17166940569691.6,7315921824.34249
0.986,0.186860457334874,0.986000014906456,176552072940204,70032443987.3391
0.987,0.18686045468035,0.987000027322156,2614565434978568,960408883605.875
0.988,0.186860454736025,0.988000025045309,61102435620767464,20661900209702.7
0.989,0.186860454261157,0.989000022102898,2553519732761955840,789371516509596
0.99,0.18686045472597,0.990000018403982,2.27351439304701e+20,63718887696308456
